{
    "extensions": [
        "/opt/cs50/extensions/cs50-0.0.1.vsix",
        "/opt/cs50/extensions/phpliteadmin-0.0.1.vsix",
        "/opt/cs50/extensions/workspace-layout-0.0.7.vsix",
        "cs50.ddb50",
        "cs50.extension-uninstaller",
        "cs50.vscode-presentation-mode",
        "ms-python.python",
        "ms-vscode.cpptools",
        "ms-vscode.hexeditor",
        "ms-vsliveshare.vsliveshare-pack",
        "tomoki1207.pdf",
        "vsls-contrib.gitdoc"
    ],
    "image": "ghcr.io/cs50/codespace:94b0e53f26e560d88e489eee301f9c5de8f222ee",
    "postCreateCommand": "/opt/cs50/bin/postCreateCommand",
    "settings": {
        "C_Cpp.autocomplete": "Disabled",
        "C_Cpp.codeFolding": "Disabled",
        "C_Cpp.dimInactiveRegions": false,
        "C_Cpp.enhancedColorization": "Enabled",
        "C_Cpp.errorSquiggles": "Disabled",
        "breadcrumbs.enabled": false,
        "editor.autoClosingQuotes": "never",
        "editor.colorDecorators": false,
        "editor.emptySelectionClipboard": false,
        "editor.folding": false,
        "editor.foldingHighlight": false,
        "editor.guides.indentation": false,
        "editor.hover.enabled": false,
        "editor.lightbulb.enabled": false,
        "editor.matchBrackets": "near",
        "editor.minimap.enabled": false,
        "editor.occurrencesHighlight": false,
        "editor.parameterHints.enabled": false,
        "editor.quickSuggestions": {
            "comments": "off",
            "other": "off",
            "strings": "off"
        },
        "editor.renderWhitespace": "selection",
        "editor.selectionHighlight": false,
        "editor.semanticTokenColorCustomizations": {
            "[Default Dark+]": {
                "enabled": true,
                "rules": {
                    "type": "#569CD6"
                }
            },
            "[Default Light+]": {
                "enabled": true,
                "rules": {
                    "type": "#0000FF"
                }
            }
        },
        "editor.suggestOnTriggerCharacters": false,
        "extension-uninstaller.uninstall": [
            "github.copilot",
            "github.copilot-nightly",
            "ms-toolsai.jupyter",
            "tabnine.tabnine-vscode"
        ],
        "extensions.ignoreRecommendations": true,
        "files.autoSave": "afterDelay",
        "files.exclude": {
            "**/.*": true
        },
        "files.trimTrailingWhitespace": true,
        "files.watcherExclude": {
            "**/.git/objects/**": true,
            "**/.git/subtree-cache/**": true,
            "**/node_modules/*/**": true
        },
        "git.autofetch": true,
        "git.decorations.enabled": false,
        "gitdoc.autoPull": "off",
        "gitdoc.commitMessageFormat": "ccc, LLL d, kkkk, h:mm a ZZ",
        "gitdoc.commitValidationLevel": "none",
        "gitdoc.enabled": true,
        "gitdoc.pullOnOpen": false,
        "html.suggest.html5": false,
        "javascript.suggest.enabled": false,
        "javascript.validate.enable": false,
        "presentation-mode.active": {
            "commands": [
                "workbench.action.closeSidebar"
            ],
            "editor.matchBrackets": "never",
            "editor.minimap.enabled": false,
            "editor.scrollbar.verticalScrollbarSize": 0,
            "workbench.activityBar.visible": false,
            "workbench.colorCustomizations": {
                "[GitHub Dark Default]": {
                    "activityBar.background": "#000",
                    "editor.background": "#000",
                    "editor.lineHighlightBackground": "#0000",
                    "editor.lineHighlightBorder": "#0000",
                    "panel.background": "#000",
                    "sideBar.background": "#000",
                    "terminal.background": "#000"
                },
                "[GitHub Light Default]": {
                    "activityBar.background": "#fff",
                    "editor.background": "#fff",
                    "editor.lineHighlightBackground": "#fff0",
                    "editor.lineHighlightBorder": "#fff0",
                    "panel.background": "#fff",
                    "sideBar.background": "#fff",
                    "terminal.background": "#fff"
                }
            },
            "workbench.statusBar.visible": false
        },
        "presentation-mode.inactive": {
            "commands": [
                "workbench.action.focusSideBar"
            ]
        },
        "problems.decorations.enabled": false,
        "remote.otherPortsAttributes": {
            "onAutoForward": "silent"
        },
        "scm.countBadge": "off",
        "terminal.integrated.commandsToSkipShell": [
            "workbench.action.toggleSidebarVisibility"
        ],
        "terminal.integrated.defaultProfile.linux": "bash",
        "terminal.integrated.persistentSessionReviveProcess": "never",
        "terminal.integrated.profiles.linux": {
            "JavaScript Debug Terminal": null,
            "bash": {
                "args": [
                    "--login"
                ],
                "icon": "terminal",
                "path": "bash"
            }
        },
        "terminal.integrated.sendKeybindingsToShell": true,
        "terminal.integrated.shellIntegration.decorationsEnabled": "never",
        "terminal.integrated.shellIntegration.enabled": true,
        "terminal.integrated.tabs.description": "${task}${separator}${local}",
        "terminal.integrated.tabs.showActiveTerminal": "never",
        "window.autoDetectColorScheme": true,
        "workbench.colorCustomizations": {
            "[GitHub Light Default]": {
                "terminal.foreground": "#000000"
            },
            "editor.lineHighlightBorder": "#0000",
            "editorError.foreground": "#0000",
            "editorGutter.addedBackground": "#0000",
            "editorGutter.deletedBackground": "#0000",
            "editorGutter.modifiedBackground": "#0000",
            "editorWarning.foreground": "#0000"
        },
        "workbench.editor.closeOnFileDelete": true,
        "workbench.editor.untitled.hint": "hidden",
        "workbench.iconTheme": "vs-minimal",
        "workbench.preferredDarkColorTheme": "Default Dark+",
        "workbench.preferredLightColorTheme": "Default Light+",
        "workbench.startupEditor": "none",
        "workbench.statusBar.visible": false,
        "workbench.tips.enabled": false,
        "workbench.welcomePage.walkthroughs.openOnInstall": false
    }
}